{
  "train": {
    "step": [
      10,
      20,
      30,
      40,
      50,
      60,
      70,
      80,
      90,
      100,
      110,
      120,
      130,
      140,
      150,
      160,
      170,
      180,
      190,
      200
    ],
    "loss": [
      3.0076005458831787,
      2.9347243309020996,
      2.8520209789276123,
      2.6962902545928955,
      2.543401002883911,
      2.337418794631958,
      2.160008668899536,
      2.1080808639526367,
      2.0654664039611816,
      2.051873207092285,
      2.0027358531951904,
      2.0052149295806885,
      1.9147422313690186,
      1.870394229888916,
      1.939111590385437,
      1.9241515398025513,
      1.9511122703552246,
      1.929057240486145,
      1.9319484233856201,
      1.9223123788833618
    ]
  }
}