{
  "perplexity_val": 1.6940707992331128,
  "tokens_per_sec_last": 14368.101450355685
}