{
  "perplexity_val": 1.6998364406546005,
  "tokens_per_sec_last": 11583.465214254966
}